dt,value.V1
2008-10-01,0.9940302984507
2008-10-02,0.998936248741924
2008-10-03,0.985049920828846
2008-10-06,0.961002801102298
2008-10-07,0.963866428723686
2008-10-08,0.931338943954515
2008-10-09,0.927729731247837
2008-10-10,0.866851960436983
2008-10-13,0.87224647078929
2008-10-14,0.943596461368918
2008-10-15,0.938633086954555
2008-10-16,0.874333821082953
2008-10-17,0.893801632343401
2008-10-20,0.92036287049363
2008-10-21,0.927663820002505
2008-10-22,0.894660536867237
2008-10-23,0.8697637496516
2008-10-24,0.796762792144469
2008-10-27,0.803535374393831
2008-10-28,0.835019109746373
2008-10-29,0.877614183767098
2008-10-30,0.956599216820077
2008-10-31,0.931697191501782
2008-11-03,0.917479238309453
2008-11-04,0.934897266213729
2008-11-05,0.946288708281861
2008-11-06,0.909726968119527
2008-11-07,0.899138911783815
2008-11-10,0.902712238621944
2008-11-11,0.885356422823013
2008-11-12,0.895609557769448
2008-11-13,0.866162099793425
2008-11-14,0.86294548842613
2008-11-17,0.857422465547373
2008-11-18,0.841702912670641
2008-11-19,0.846830785038741
2008-11-20,0.813778310132848
2008-11-21,0.832824602525518
2008-11-24,0.827996203895454
2008-11-25,0.855942687197438
2008-11-26,0.871118740390458
2008-11-27,0.882910077953401
2008-11-28,0.87895833526377
2008-12-01,0.877976596751427
2008-12-02,0.840966714401454
2008-12-03,0.843253525994833
2008-12-04,0.833240668535351
2008-12-05,0.835522187651878
2008-12-08,0.874345244353081
2008-12-09,0.87808429200773
2008-12-10,0.901579726204441
2008-12-11,0.907914273188077
2008-12-12,0.87484367492501
2008-12-15,0.892022882870508
2008-12-16,0.875750573063916
2008-12-17,0.893550214117627
2008-12-18,0.896100776511857
2008-12-19,0.909347968110367
2008-12-22,0.914897242995497
2008-12-23,0.891976909508658
2008-12-24,0.883050523604252
2008-12-25,0.888485953488672
2008-12-26,0.890901587326786
2008-12-29,0.893412590042919
2008-12-30,0.895000126801053
2008-12-31,0.894221527299704
2009-01-01,0.894221527299704
2009-01-02,0.895715819942229
2009-01-05,0.908857577173717
2009-01-06,0.89976544116008
2009-01-07,0.882447862536281
2009-01-08,0.872852319886108
2009-01-09,0.871825399417088
2009-01-12,0.870741778265636
2009-01-13,0.85366674890784
2009-01-14,0.849383726057644
2009-01-15,0.821114846206732
2009-01-16,0.833124535267837
2009-01-19,0.833040162188005
2009-01-20,0.820892610974135
2009-01-21,0.812389472466069
2009-01-22,0.828539580290334
2009-01-23,0.816759055443113
2009-01-26,0.812751315213553
2009-01-27,0.837755693166255
2009-01-28,0.829169663098283
2009-01-29,0.826995954938077
2009-01-30,0.822716812666728
2009-02-02,0.805380102502975
2009-02-03,0.786023359424157
2009-02-04,0.796019133127607
2009-02-05,0.792166493317259
2009-02-06,0.795537087413409
2009-02-09,0.779820704361849
2009-02-10,0.781859776003351
2009-02-11,0.78145261132665
2009-02-12,0.77256828025618
2009-02-13,0.781225061181691
2009-02-16,0.790208423776724
2009-02-17,0.776809380954541
2009-02-18,0.762330977422202
2009-02-19,0.768934294356703
2009-02-20,0.761364977435648
2009-02-23,0.75886351711191
2009-02-24,0.757316090141231
2009-02-25,0.760855220559006
2009-02-26,0.761257605889278
2009-02-27,0.777288371696003
2009-03-02,0.758021920454301
2009-03-03,0.747706489278991
2009-03-04,0.743335498755562
2009-03-05,0.746458343106046
2009-03-06,0.730475386880751
2009-03-09,0.715368914275261
2009-03-10,0.712380094669224
2009-03-11,0.710625732912868
2009-03-12,0.685709868801752
2009-03-13,0.704691227325959
2009-03-16,0.71129970135236
2009-03-17,0.728407375839301
2009-03-18,0.72348235835486
2009-03-19,0.729076849137143
2009-03-20,0.729975738455689
2009-03-23,0.751643979970137
2009-03-24,0.753345290613516
2009-03-25,0.779426251399587
2009-03-26,0.794268457343949
2009-03-27,0.78617269816891
2009-03-30,0.765832639527513
2009-03-31,0.747533788293121
2009-04-01,0.758293266541531
2009-04-02,0.782292441938653
2009-04-03,0.786150906890543
2009-04-06,0.784778514664888
2009-04-07,0.780571647010316
2009-04-08,0.758269927807672
2009-04-09,0.78401960818473
2009-04-10,0.798640638641397
2009-04-13,0.784986493634531
2009-04-14,0.780754273627601
2009-04-15,0.780524308354236
2009-04-16,0.774786639150627
2009-04-17,0.779624694995789
2009-04-20,0.777283134443259
2009-04-21,0.782321410913673
2009-04-22,0.781512852500627
2009-04-23,0.799740325263445
2009-04-24,0.775367290507201
2009-04-27,0.770180157779335
2009-04-28,0.762884295345389
2009-04-29,0.771738422332523
2009-04-30,0.794466282553216
2009-05-01,0.793319649029743
2009-05-04,0.797511484006236
2009-05-05,0.796192503273359
2009-05-06,0.786405086621569
2009-05-07,0.791284463936289
2009-05-08,0.793050899518987
2009-05-11,0.790221049035721
2009-05-12,0.780936763989148
2009-05-13,0.789249028113751
2009-05-14,0.775353678742015
2009-05-15,0.780579057259558
2009-05-18,0.780255435274299
2009-05-19,0.798838786967961
2009-05-20,0.803435512889355
2009-05-21,0.796680879132731
2009-05-22,0.786357197486641
2009-05-25,0.786208012369224
2009-05-26,0.787614844359142
2009-05-27,0.798776899251799
2009-05-28,0.811334369685228
2009-05-29,0.815030537966153
2009-06-01,0.81434844547514
2009-06-02,0.816164485604176
2009-06-03,0.813503702355911
2009-06-04,0.80503432513586
2009-06-05,0.814335872512188
2009-06-08,0.815524215930834
2009-06-09,0.808673378257719
2009-06-10,0.830473701906667
2009-06-11,0.827253428614641
2009-06-12,0.826470212544444
2009-06-15,0.81831351889469
2009-06-16,0.803210718792762
2009-06-17,0.802543727171446
2009-06-18,0.799162991816024
2009-06-19,0.799313506432273
2009-06-22,0.811275090871919
2009-06-23,0.798793319380386
2009-06-24,0.807701928972513
2009-06-25,0.818414561901496
2009-06-26,0.82576645103083
2009-06-29,0.822708899468197
2009-06-30,0.829740429312152
2009-07-01,0.825818061455292
2009-07-02,0.823319831127491
2009-07-03,0.812021057240757
2009-07-06,0.803261230000663
2009-07-07,0.812145387888691
2009-07-08,0.803768971466399
2009-07-09,0.797210352752166
2009-07-10,0.794275439118403
2009-07-13,0.780488360167555
2009-07-14,0.788653910064706
2009-07-15,0.784181452894504
2009-07-16,0.780977788503341
2009-07-17,0.796195322174631
2009-07-20,0.798666115850085
2009-07-21,0.799142051413516
2009-07-22,0.804974934917412
2009-07-23,0.804513958124863
2009-07-24,0.805425138210627
2009-07-27,0.820295506268322
2009-07-28,0.82321391524933
2009-07-29,0.826508942599797
2009-07-30,0.833729376013649
2009-07-31,0.836356762721795
2009-08-03,0.825362884139418
2009-08-04,0.827702319602675
2009-08-05,0.817450517890936
2009-08-06,0.831395426407091
2009-08-07,0.835358922723579
2009-08-10,0.834695526649956
2009-08-11,0.839222941186324
2009-08-12,0.830979384867213
2009-08-13,0.83108055828021
2009-08-14,0.822836750988619
2009-08-17,0.797594925034658
2009-08-18,0.801971723714366
2009-08-19,0.792851923555892
2009-08-20,0.804023591599122
2009-08-21,0.796439366269523
2009-08-24,0.821997008561834
2009-08-25,0.812896780170538
2009-08-26,0.830895509927093
2009-08-27,0.822874390096039
2009-08-28,0.821700494740677
2009-08-31,0.81984985749186
2009-09-01,0.815560834535984
2009-09-02,0.796797511051321
2009-09-03,0.807917600249349
2009-09-04,0.81174404682667
2009-09-07,0.815724152776347
2009-09-08,0.823966137905578
2009-09-09,0.823168633732186
2009-09-10,0.835538823891616
2009-09-11,0.829268405879479
2009-09-14,0.814784112530442
2009-09-15,0.815825333946793
2009-09-16,0.809987726646029
2009-09-17,0.821043127359219
2009-09-18,0.817518993615999
2009-09-21,0.817346287307829
2009-09-22,0.81970686257295
2009-09-23,0.819760956464419
2009-09-24,0.838899576205266
2009-09-25,0.819259876519431
2009-09-28,0.820946843403844
2009-09-29,0.815379487741874
2009-09-30,0.815722786804523
2009-10-01,0.79540511586186
2009-10-02,0.769953285235539
2009-10-05,0.769693621524199
2009-10-06,0.772572775586187
2009-10-07,0.767177468435657
2009-10-08,0.769185187313411
2009-10-09,0.773071322991046
2009-10-12,0.771842681725449
2009-10-13,0.770308929892304
2009-10-14,0.778449737369319
2009-10-15,0.786258207425507
2009-10-16,0.785395603704243
2009-10-19,0.794345563323744
2009-10-20,0.79607280053069
2009-10-21,0.791882571856189
2009-10-22,0.775202234423909
2009-10-23,0.775885110779086
2009-10-26,0.785225715110228
2009-10-27,0.779942142707511
2009-10-28,0.772528364985037
2009-10-29,0.766404709835031
2009-10-30,0.76496519266312
2009-11-02,0.753952356798391
2009-11-03,0.756262356359642
2009-11-04,0.758331340858368
2009-11-05,0.743273053346857
2009-11-06,0.746802573727407
2009-11-09,0.742295938293222
2009-11-10,0.759025701574001
2009-11-11,0.760351885101419
2009-11-12,0.754974880861511
2009-11-13,0.754730847122344
2009-11-16,0.757710021701577
2009-11-17,0.769098663542239
2009-11-18,0.76324255569282
2009-11-19,0.750648543639759
2009-11-20,0.747069085133676
2009-11-23,0.747860629095145
2009-11-24,0.745542978494014
2009-11-25,0.755039047783065
2009-11-26,0.76105160288202
2009-11-27,0.731670289202546
2009-11-30,0.750031975144832
2009-12-01,0.761716654128807
2009-12-02,0.766586871785376
2009-12-03,0.80855799693241
2009-12-04,0.819137179566992
2009-12-07,0.83856835490678
2009-12-08,0.836078898518115
2009-12-09,0.814836664791091
2009-12-10,0.809754789971194
2009-12-11,0.816968821162245
2009-12-14,0.811012886833647
2009-12-15,0.811424029611544
2009-12-16,0.822821400083376
2009-12-17,0.819742027511839
2009-12-18,0.823317667380681
2009-12-21,0.825124588829667
2009-12-22,0.846216690426657
2009-12-23,0.846866751260478
2009-12-24,0.871138994973836
2009-12-25,0.875954749054265
2009-12-28,0.870622950083771
2009-12-29,0.871342951960559
2009-12-30,0.862421101548046
2009-12-31,0.862421101548046
2010-01-01,0.862421101548046
2010-01-04,0.86892054161928
2010-01-05,0.876564203380626
2010-01-06,0.88665486952214
2010-01-07,0.881174390978201
2010-01-08,0.890582661383822
2010-01-11,0.88970166866173
2010-01-12,0.904964610102617
2010-01-13,0.887779601214184
2010-01-14,0.913253927088634
2010-01-15,0.922630867194298
2010-01-18,0.910362756248884
2010-01-19,0.895118472545013
2010-01-20,0.886850358063381
2010-01-21,0.898257255394062
2010-01-22,0.870011012202946
2010-01-25,0.861744361667193
2010-01-26,0.840696048629506
2010-01-27,0.83002775590439
2010-01-28,0.839102796069419
2010-01-29,0.828514539040149
2010-02-01,0.818907827206714
2010-02-02,0.844087865220808
2010-02-03,0.847096552323892
2010-02-04,0.837020930482744
2010-02-05,0.811129278153053
2010-02-08,0.80041114735503
2010-02-09,0.811391611565112
2010-02-10,0.811870378876465
2010-02-11,0.81498575065291
2010-02-12,0.830057692131545
2010-02-15,0.820881617310013
2010-02-16,0.825851481077833
2010-02-17,0.848576663894616
2010-02-18,0.842992347997688
2010-02-19,0.828305254683108
2010-02-22,0.851605498636659
2010-02-23,0.846795882224815
2010-02-24,0.835760221624163
2010-02-25,0.829648621754336
2010-02-26,0.833614081098134
2010-03-01,0.83872601445132
2010-03-02,0.842450143616371
2010-03-03,0.85356913607658
2010-03-04,0.842727806199333
2010-03-05,0.854728040788503
2010-03-08,0.877022647685871
2010-03-09,0.875826528102853
2010-03-10,0.876811122326822
2010-03-11,0.883662453744454
2010-03-12,0.885712754431133
2010-03-15,0.883148932661787
2010-03-16,0.876659813727324
2010-03-17,0.88891869303549
2010-03-18,0.882385918241722
2010-03-19,0.889276779170997
2010-03-22,0.887142194592016
2010-03-23,0.884771357374175
2010-03-24,0.886102003594468
2010-03-25,0.887253830468901
2010-03-26,0.894355942542
2010-03-29,0.897046348785129
2010-03-30,0.916191912394592
2010-03-31,0.912515598227047
2010-04-01,0.934054892966421
2010-04-02,0.936613190465936
2010-04-05,0.944685158820065
2010-04-06,0.93452411058848
2010-04-07,0.919564436865917
2010-04-08,0.906549100998563
2010-04-09,0.906958407512131
2010-04-12,0.91527595978575
2010-04-13,0.915475566540779
2010-04-14,0.920083688766205
2010-04-15,0.920395931375443
2010-04-16,0.907776986897425
2010-04-19,0.893403823176153
2010-04-20,0.891555765718877
2010-04-21,0.911301544126236
2010-04-22,0.89989680368082
2010-04-23,0.901845632273633
2010-04-26,0.913622998165337
2010-04-27,0.909890762767027
2010-04-28,0.897409051950347
2010-04-29,0.898744311673463
2010-04-30,0.911120092189383
2010-05-03,0.906156861531872
2010-05-04,0.901799136645841
2010-05-05,0.900667875250561
2010-05-06,0.872362434481863
2010-05-07,0.839312437349601
2010-05-10,0.853023502189554
2010-05-11,0.830330419336182
2010-05-12,0.822463689098678
2010-05-13,0.848619001358185
2010-05-14,0.832671901829659
2010-05-17,0.803460022518565
2010-05-18,0.796525968945529
2010-05-19,0.808367114677421
2010-05-20,0.79044126390822
2010-05-21,0.785396442371986
2010-05-24,0.79379180516239
2010-05-25,0.77242600561909
2010-05-26,0.781649310299969
2010-05-27,0.797455242321461
2010-05-28,0.810077984005361
2010-05-31,0.806890908621127
2010-06-01,0.805535592345623
2010-06-02,0.790237827489202
2010-06-03,0.808006548696412
2010-06-04,0.816461041432286
2010-06-07,0.798224437690795
2010-06-08,0.791954843126021
2010-06-09,0.769233595711321
2010-06-10,0.77737557234644
2010-06-11,0.782204159699742
2010-06-14,0.789912139555188
2010-06-15,0.805891152560914
2010-06-16,0.826878678904152
2010-06-17,0.847344780355651
2010-06-18,0.852749976738671
2010-06-21,0.870916563658155
2010-06-22,0.850255033130542
2010-06-23,0.833217830641413
2010-06-24,0.830701560834425
2010-06-25,0.816170037929739
2010-06-28,0.804161956081352
2010-06-29,0.79914595947674
2010-06-30,0.795402444422709
2010-07-01,0.777445119802353
2010-07-02,0.780363886451876
2010-07-05,0.7835306565339
2010-07-06,0.788793207401053
2010-07-07,0.784679568430323
2010-07-08,0.807009341811137
2010-07-09,0.820637861968217
2010-07-12,0.82267185134036
2010-07-13,0.827963592124572
2010-07-14,0.839380409576069
2010-07-15,0.83758228283311
2010-07-16,0.82196716332791
2010-07-19,0.820813012876539
2010-07-20,0.82115206030293
2010-07-21,0.819928984604383
2010-07-22,0.820325738438992
2010-07-23,0.833422287730271
2010-07-26,0.838286721999805
2010-07-27,0.842919478463321
2010-07-28,0.857391936413698
2010-07-29,0.852354598354748
2010-07-30,0.846452643360608
2010-08-02,0.853924272712077
2010-08-03,0.851724710118779
2010-08-04,0.845165964591035
2010-08-05,0.85317888493778
2010-08-06,0.849020240532251
2010-08-09,0.847647620844265
2010-08-10,0.846607390636376
2010-08-11,0.836148613002491
2010-08-12,0.823611900273389
2010-08-13,0.823586246479192
2010-08-16,0.814707627125232
2010-08-17,0.810201587159885
2010-08-18,0.814006896210186
2010-08-19,0.828875899511371
2010-08-20,0.832195947482223
2010-08-23,0.822027677405409
2010-08-24,0.812249215168513
2010-08-25,0.802757560820194
2010-08-26,0.815263829421045
2010-08-27,0.814428041441988
2010-08-30,0.823878326449537
2010-08-31,0.801991811377147
2010-09-01,0.806507448324712
2010-09-02,0.810834441896526
2010-09-03,0.811798916111334
2010-09-06,0.8245485367124
2010-09-07,0.821150932927788
2010-09-08,0.809886312717094
2010-09-09,0.81735621692562
2010-09-10,0.82779956185601
2010-09-13,0.838672577561605
2010-09-14,0.842924982949945
2010-09-15,0.857267795272123
2010-09-16,0.857880932152656
2010-09-17,0.876168040420436
2010-09-20,0.879581424295261
2010-09-21,0.881454476542836
2010-09-22,0.876646481866319
2010-09-23,0.875200655727124
2010-09-24,0.881591270236453
2010-09-27,0.894040694615403
2010-09-28,0.882477837706951
2010-09-29,0.890633440398309
2010-09-30,0.890135199771918
2010-10-01,0.894673509874367
2010-10-04,0.895299496143122
2010-10-05,0.896581543034069
2010-10-06,0.905765406544552
2010-10-07,0.902387600711396
2010-10-08,0.897226276560238
2010-10-11,0.897583607807239
2010-10-12,0.876612168558144
2010-10-13,0.876692662882816
2010-10-14,0.897956140847031
2010-10-15,0.889657397918934
2010-10-18,0.891540957184997
2010-10-19,0.892984720696212
2010-10-20,0.881859329720243
2010-10-21,0.883200790689857
2010-10-22,0.88256148734651
2010-10-25,0.880227042871666
2010-10-26,0.878278834568016
2010-10-27,0.886637121337344
2010-10-28,0.880881496891502
2010-10-29,0.871626307937111
2010-11-01,0.848081736518117
2010-11-02,0.842154094332668
2010-11-03,0.844930426511786
2010-11-04,0.86820382561915
2010-11-05,0.891636292784561
2010-11-08,0.906573577549797
2010-11-09,0.911580033542294
2010-11-10,0.927968822142076
2010-11-11,0.932715884242408
2010-11-12,0.919516226109129
2010-11-15,0.929519042602344
2010-11-16,0.931625116804126
2010-11-17,0.937864641075014
2010-11-18,0.955800028546749
2010-11-19,0.955078018996961
2010-11-22,0.953865811126215
2010-11-23,0.951646672511467
2010-11-24,0.948498410396398
2010-11-25,0.950563231540506
2010-11-26,0.947334709366698
2010-11-29,0.953849311677113
2010-11-30,0.937789187924198
2010-12-01,0.953779896045962
2010-12-02,0.968993549802559
2010-12-03,0.969909905735389
2010-12-06,0.96691836978415
2010-12-07,0.959195867083976
2010-12-08,0.967243994768087
2010-12-09,0.97442590683527
2010-12-10,0.9639704787372
2010-12-13,0.970902643628992
2010-12-14,0.968085076129005
2010-12-15,0.969522836428493
2010-12-16,0.970955101986507
2010-12-17,0.967710992233584
2010-12-20,0.973545182278548
2010-12-21,0.988174391993459
2010-12-22,0.986376171428737
2010-12-23,0.985962044028519
2010-12-24,0.979219533766815
2010-12-27,0.985036228216168
2010-12-28,0.975758362405329
2010-12-29,0.977703213762318
2010-12-30,0.967521985594179
2010-12-31,0.967746121961498
2011-01-03,0.97805778497514
2011-01-04,0.986006584876607
2011-01-05,0.976671209617527
2011-01-06,0.973377059321771
2011-01-07,0.966637284202821
2011-01-10,0.963105746410361
2011-01-11,0.963119049386678
2011-01-12,0.982195412373701
2011-01-13,0.984819039238378
2011-01-14,0.989027678578359
2011-01-17,0.99491425953743
2011-01-18,1.00787292554938
2011-01-19,1.01874635539415
2011-01-20,1.00801065914356
2011-01-21,0.991039152378423
2011-01-24,0.989876221213185
2011-01-25,0.998207041940046
2011-01-26,1.00829762540214
2011-01-27,1.00853255580436
2011-01-28,1.01250909940672
2011-01-31,0.990315521981444
2011-02-01,0.991393600179104
2011-02-02,1.00750023574047
2011-02-03,1.00566931027293
2011-02-04,1.0104058859598
2011-02-07,1.00451632684487
2011-02-08,1.00673567205906
2011-02-09,1.00512294412405
2011-02-10,0.991012973910497
2011-02-11,0.981771324304952
2011-02-14,1.00799844546517
2011-02-15,1.00939399494734
2011-02-16,1.00937769687079
2011-02-17,1.01628251845609
2011-02-18,1.02027085367224
2011-02-21,1.01558553811437
2011-02-22,0.995816860227962
2011-02-23,0.987524483899627
2011-02-24,0.983649641522439
2011-02-25,0.989643667797359
2011-02-28,0.993293868894678
2011-03-01,1.00732215491755
2011-03-02,0.990063064899119
2011-03-03,0.996237713615181
2011-03-04,1.00961804415522
2011-03-07,0.981665607017647
2011-03-08,0.979242746168559
2011-03-09,0.977055886036257
2011-03-10,0.957075684141535
2011-03-11,0.945407484123786
2011-03-14,0.943297820220869
2011-03-15,0.888838532484014
2011-03-16,0.918893020057
2011-03-17,0.909305072956817
2011-03-18,0.914800664218497
2011-03-21,0.915380675907021
2011-03-22,0.926017375660163
2011-03-23,0.923689992667722
2011-03-24,0.922635510877724
2011-03-25,0.936216551389248
2011-03-28,0.942037726546073
2011-03-29,0.934313025360847
2011-03-30,0.939686593369063
2011-03-31,0.942821151233575
2011-04-01,0.942935727505831
2011-04-04,0.944145631977997
2011-04-05,0.936912692534524
2011-04-06,0.931859350481457
2011-04-07,0.933970176674226
2011-04-08,0.941769977103366
2011-04-11,0.938812757379286
2011-04-12,0.92642416316112
2011-04-13,0.938214198091486
2011-04-14,0.936637874198829
2011-04-15,0.933679354676144
2011-04-18,0.929129399842045
2011-04-19,0.920077365763419
2011-04-20,0.933520508116865
2011-04-21,0.940862891161076
2011-04-22,0.940622621083831
2011-04-25,0.938814773837023
2011-04-26,0.928089837906415
2011-04-27,0.936175654747665
2011-04-28,0.945633965901165
2011-04-29,0.946477510652117
2011-05-02,0.9609949445964
2011-05-03,0.961242775586145
2011-05-04,0.957533073307768
2011-05-05,0.958726353042408
2011-05-06,0.945934443284643
2011-05-09,0.948176913603526
2011-05-10,0.950020631540687
2011-05-11,0.952550043398342
2011-05-12,0.942146811863416
2011-05-13,0.937760416176474
2011-05-16,0.927145430314219
2011-05-17,0.92690789436039
2011-05-18,0.93354663177306
2011-05-19,0.931836886144794
2011-05-20,0.929721743512234
2011-05-23,0.917440338183189
2011-05-24,0.91717168539051
2011-05-25,0.915596698745653
2011-05-26,0.92356357977
2011-05-27,0.924243349930722
2011-05-30,0.924085280211855
2011-05-31,0.939877964639606
2011-06-01,0.944226426737471
2011-06-02,0.929751589706453
2011-06-03,0.920923565224941
2011-06-06,0.915582517305998
2011-06-07,0.919130761793486
2011-06-08,0.915891670648471
2011-06-09,0.914488233161163
2011-06-10,0.91302350037353
2011-06-13,0.906852740434763
2011-06-14,0.915148420200063
2011-06-15,0.915805284643671
2011-06-16,0.90196746284118
2011-06-17,0.893457074115978
2011-06-20,0.892268478717899
2011-06-21,0.902041599203921
2011-06-22,0.913304012912396
2011-06-23,0.91108398275888
2011-06-24,0.920429041606491
2011-06-27,0.914681840766814
2011-06-28,0.917646493149403
2011-06-29,0.929573779384503
2011-06-30,0.937950934172183
2011-07-01,0.929027101521105
2011-07-04,0.932060320133786
2011-07-05,0.933339242111842
2011-07-06,0.944090567403991
2011-07-07,0.93670023356098
2011-07-08,0.945237994037612
2011-07-11,0.927305976281594
2011-07-12,0.906622128938718
2011-07-13,0.910693250608236
2011-07-14,0.915132278466825
2011-07-15,0.914368824866193
2011-07-18,0.910382566254182
2011-07-19,0.915977362889554
2011-07-20,0.922935249319425
2011-07-21,0.919884537800172
2011-07-22,0.944079788747174
2011-07-25,0.939001444278026
2011-07-26,0.94204226811278
2011-07-27,0.937966021919865
2011-07-28,0.940602823969325
2011-07-29,0.927273689276009
2011-08-01,0.92722888756061
2011-08-02,0.912753437028949
2011-08-03,0.900074817718208
2011-08-04,0.894120942618591
2011-08-05,0.875041666086459
2011-08-08,0.855338601340661
2011-08-09,0.836474360736553
2011-08-10,0.853488000576464
2011-08-11,0.841757115723232
2011-08-12,0.837253566453312
2011-08-15,0.841770170099979
2011-08-16,0.851680631305013
2011-08-17,0.849188120614369
2011-08-18,0.849457766578347
2011-08-19,0.82653154194013
2011-08-22,0.817753904996057
2011-08-23,0.835637557778835
2011-08-24,0.831443694344321
2011-08-25,0.847271511063005
2011-08-26,0.845028086418183
2011-08-29,0.862348211371966
2011-08-30,0.868343951063462
2011-08-31,0.889464173864311
2011-09-01,0.887462265086219
2011-09-02,0.883087528679149
2011-09-05,0.863286426527813
2011-09-06,0.847115373320127
2011-09-07,0.860788552494856
2011-09-08,0.876059160288807
2011-09-09,0.878774283534165
2011-09-12,0.860376369435313
2011-09-13,0.849159770132906
2011-09-14,0.840925591978491
2011-09-15,0.85152721277986
2011-09-16,0.862984338078673
2011-09-19,0.862130821872851
2011-09-20,0.857656581353441
2011-09-21,0.855945039883543
2011-09-22,0.828487963302604
2011-09-23,0.811445932234758
2011-09-26,0.789855368428095
2011-09-27,0.809315304895887
2011-09-28,0.807108581403363
2011-09-29,0.806572580684222
2011-09-30,0.792077482649157
2011-10-03,0.779656653897323
2011-10-04,0.772656203677809
2011-10-05,0.766604208546067
2011-10-06,0.773015389664904
2011-10-07,0.772395448679652
2011-10-10,0.772787730322284
2011-10-11,0.786534881470505
2011-10-12,0.784042271677372
2011-10-13,0.786964451294309
2011-10-14,0.791228586827406
2011-10-17,0.804846005234135
2011-10-18,0.793931653651954
2011-10-19,0.796869938706428
2011-10-20,0.790646993169305
2011-10-21,0.79063285958574
2011-10-24,0.807838355220295
2011-10-25,0.805532038050663
2011-10-26,0.802009739110815
2011-10-27,0.812124273462386
2011-10-28,0.829347807014055
2011-10-31,0.827321844130506
2011-11-01,0.824844911272381
2011-11-02,0.814217325866681
2011-11-03,0.810213743539656
2011-11-04,0.823606244589278
2011-11-07,0.826372079222967
2011-11-08,0.820709837369862
2011-11-09,0.819491769907591
2011-11-10,0.796878239575644
2011-11-11,0.801959893560737
2011-11-14,0.815074709946693
2011-11-15,0.816405812896456
2011-11-16,0.815461089517881
2011-11-17,0.815120183696712
2011-11-18,0.800087684289579
2011-11-21,0.795230920679069
2011-11-22,0.795395609751587
2011-11-23,0.791145924636629
2011-11-24,0.780910748201623
2011-11-25,0.77244871803148
2011-11-28,0.785576239557785
2011-11-29,0.790628728551682
2011-11-30,0.797259395145963
2011-12-01,0.808645075747256
2011-12-02,0.806709272436716
2011-12-05,0.818105141935866
2011-12-06,0.811827225702074
2011-12-07,0.823601967059448
2011-12-08,0.819676320363537
2011-12-09,0.806307817630169
2011-12-12,0.815923872247496
2011-12-13,0.812865212764409
2011-12-14,0.807026439637088
2011-12-15,0.789337139299893
2011-12-16,0.793306263897155
2011-12-19,0.788544193971182
2011-12-20,0.791884559720562
2011-12-21,0.808359588260596
2011-12-22,0.801979160499216
2011-12-23,0.804852833622687
2011-12-26,0.804580305771795
2011-12-27,0.808318601720476
2011-12-28,0.809673500005152
2011-12-29,0.808735049118199
2011-12-30,0.810012775388125
2012-01-02,0.810012775388125
2012-01-03,0.810618824461266
2012-01-04,0.820591767274008
2012-01-05,0.814418073994112
2012-01-06,0.808053106116657
2012-01-09,0.810436354943026
2012-01-10,0.817530778618409
2012-01-11,0.822482565028233
2012-01-12,0.825219482147749
2012-01-13,0.830638257002297
2012-01-16,0.81875857010766
2012-01-17,0.831130765474823
2012-01-18,0.836946320329964
2012-01-19,0.843646569638254
2012-01-20,0.861419513225091
2012-01-23,0.861604866365506
2012-01-24,0.864457814944518
2012-01-25,0.871017667664723
2012-01-26,0.875433203820134
2012-01-27,0.880677693601376
2012-01-30,0.868961502949823
2012-01-31,0.872827402708887
2012-02-01,0.868966590302772
2012-02-02,0.88495557450128
2012-02-03,0.884963536109015
2012-02-06,0.894915242366445
2012-02-07,0.89568012579563
2012-02-08,0.908268442210361
2012-02-09,0.915211565011532
2012-02-10,0.898498418092625
2012-02-13,0.903280662524699
2012-02-14,0.90788942022417
2012-02-15,0.925746735744288
2012-02-16,0.920009555029206
2012-02-17,0.930590067368672
2012-02-20,0.946873044282515
2012-02-21,0.949830111063256
2012-02-22,0.95467096225116
2012-02-23,0.952352118207792
2012-02-24,0.95949380338497
2012-02-27,0.953453434433758
2012-02-28,0.951466835345771
2012-02-29,0.956888844518381
2012-03-01,0.953857283123301
2012-03-02,0.949335137546256
2012-03-05,0.944328721729245
2012-03-06,0.927026626406188
2012-03-07,0.915761570473594
2012-03-08,0.935208450621477
2012-03-09,0.942558628545489
2012-03-12,0.939820411684222
2012-03-13,0.942488467618888
2012-03-14,0.953179929023897
2012-03-15,0.959852026060967
2012-03-16,0.958327225522319
2012-03-19,0.956740477206563
2012-03-20,0.955554402014
2012-03-21,0.945480864105953
2012-03-22,0.946044292491388
2012-03-23,0.935797879298042
2012-03-26,0.94237749963655
2012-03-27,0.960755096564056
2012-03-28,0.950835183416594
2012-03-29,0.937527990132111
2012-03-30,0.927497024079362
2012-04-02,0.93321671031713
2012-04-03,0.929344707110318
2012-04-04,0.918196481982348
2012-04-05,0.917200962915421
2012-04-06,0.901687527394131
2012-04-09,0.886192303648565
2012-04-10,0.891328033255595
2012-04-11,0.880975039918937
2012-04-12,0.880021979159022
2012-04-13,0.881616441429172
2012-04-16,0.866143847429569
2012-04-17,0.861855269742607
2012-04-18,0.876277435589234
2012-04-19,0.881470478594398
2012-04-20,0.871357716856603
2012-04-23,0.865951142656695
2012-04-24,0.861729196371555
2012-04-25,0.864230299725338
2012-04-26,0.873286367815845
2012-04-27,0.866827940846436
2012-04-30,0.868175968249111
2012-05-01,0.843889358668661
2012-05-02,0.848776268435571
2012-05-03,0.847834505473559
2012-05-04,0.848131401764801
2012-05-07,0.824701510068303
2012-05-08,0.827079932688106
2012-05-09,0.827519934715997
2012-05-10,0.832613531979119
2012-05-11,0.825589074688404
2012-05-14,0.828481000514673
2012-05-15,0.812940572010359
2012-05-16,0.795935397608591
2012-05-17,0.806012620750472
2012-05-18,0.782904535366721
2012-05-21,0.780452338688642
2012-05-22,0.791990480196098
2012-05-23,0.782673679169375
2012-05-24,0.78006761660092
2012-05-25,0.778923296833772
2012-05-28,0.785973262701605
2012-05-29,0.792751719778314
2012-05-30,0.787533241336137
2012-05-31,0.784107145798894
2012-06-01,0.777563871911447
2012-06-04,0.758932856475531
2012-06-05,0.768601579192977
2012-06-06,0.777611807444833
2012-06-07,0.789522741970628
2012-06-08,0.775590816467538
2012-06-11,0.788066578302012
2012-06-12,0.78392131983093
2012-06-13,0.791480086061231
2012-06-14,0.787927636657159
2012-06-15,0.783728246688493
2012-06-18,0.796345082810974
2012-06-19,0.792468308613884
2012-06-20,0.803031341867062
2012-06-21,0.809582789750347
2012-06-22,0.810737503766297
2012-06-25,0.799152213122015
2012-06-26,0.791655568135909
2012-06-27,0.796143482821469
2012-06-28,0.810486570890366
2012-06-29,0.824247336297078
2012-07-02,0.826239504704927
2012-07-03,0.832197778956541
2012-07-04,0.836375872242591
2012-07-05,0.822820961885848
2012-07-06,0.823757584037996
2012-07-09,0.818735912776511
2012-07-10,0.814638277608525
2012-07-11,0.822668262735187
2012-07-12,0.811805895542309
2012-07-13,0.818970950394565
2012-07-16,0.81868079307193
2012-07-17,0.821717992881399
2012-07-18,0.807817496703532
2012-07-19,0.818101233320089
2012-07-20,0.803380806586386
2012-07-23,0.78480085188536
2012-07-24,0.774323093995346
2012-07-25,0.781569152712049
2012-07-26,0.794370258278519
2012-07-27,0.80843703546212
2012-07-30,0.810788060007638
2012-07-31,0.815406652851053
2012-08-01,0.828896683623023
2012-08-02,0.83002034819607
2012-08-03,0.818988035538276
2012-08-06,0.829113376391418
2012-08-07,0.8354223069042
2012-08-08,0.831099659308542
2012-08-09,0.844147136024058
2012-08-10,0.834726572470271
2012-08-13,0.835281282777141
2012-08-14,0.840482327500816
2012-08-15,0.835417290313713
2012-08-16,0.842898475411622
2012-08-17,0.837407612973614
2012-08-20,0.836515379466426
2012-08-21,0.840987171159245
2012-08-22,0.843687399287745
2012-08-23,0.843855513446041
2012-08-24,0.833182876901937
2012-08-27,0.83402463059095
2012-08-28,0.82738280508873
2012-08-29,0.830336292154638
2012-08-30,0.832384005911506
2012-08-31,0.819064672881773
2012-09-03,0.81582555914522
2012-09-04,0.805072643213287
2012-09-05,0.80113350477213
2012-09-06,0.813224112841937
2012-09-07,0.825672038217199
2012-09-10,0.833841536006901
2012-09-11,0.829552830027578
2012-09-12,0.838954522224867
2012-09-13,0.835547779549085
2012-09-14,0.852633814852057
2012-09-17,0.852871317307447
2012-09-18,0.863717112121281
2012-09-19,0.856235569099262
2012-09-20,0.839888342634341
2012-09-21,0.837101004027398
2012-09-24,0.839123084138102
2012-09-25,0.837623982468684
2012-09-26,0.819362266185138
2012-09-27,0.822286991892693
2012-09-28,0.823869551131808
2012-10-01,0.824892449416477
2012-10-02,0.841686103271828
2012-10-03,0.856640609426967
2012-10-04,0.863595469345041
2012-10-05,0.871920405633198
2012-10-08,0.870803117325124
2012-10-09,0.85071581867433
2012-10-10,0.822570868457936
2012-10-11,0.824769064228138
2012-10-12,0.823156237706914
2012-10-15,0.829412093900136
2012-10-16,0.844603274382673
2012-10-17,0.844046396744773
2012-10-18,0.855430318979786
2012-10-19,0.840973584940041
2012-10-22,0.846327122976622
2012-10-23,0.84759825397352
2012-10-24,0.841058659019116
2012-10-25,0.85821655679596
2012-10-26,0.837353441778823
2012-10-29,0.83239877718537
2012-10-30,0.82703621478341
2012-10-31,0.840116263587503
2012-11-01,0.839388472189191
2012-11-02,0.845328352461734
2012-11-05,0.843287160473643
2012-11-06,0.842218152371771
2012-11-07,0.846701093229575
2012-11-08,0.837955506447982
2012-11-09,0.82692024355502
2012-11-12,0.814373451587431
2012-11-13,0.827202416537038
2012-11-14,0.840739225432951
2012-11-15,0.847520879721269
2012-11-16,0.854627883650926
2012-11-19,0.867912325660854
2012-11-20,0.855242578210511
2012-11-21,0.857349093038941
2012-11-22,0.871903563285198
2012-11-23,0.875180141001784
2012-11-26,0.87438391700295
2012-11-27,0.86778262081285
2012-11-28,0.858628764808436
2012-11-29,0.864821009364374
2012-11-30,0.858773702314659
2012-12-03,0.854225529348849
2012-12-04,0.858616008718376
2012-12-05,0.86026833694116
2012-12-06,0.861859352261754
2012-12-07,0.864992301643918
2012-12-10,0.850903807053662
2012-12-11,0.83467435311178
2012-12-12,0.846131538100938
2012-12-13,0.857998863395447
2012-12-14,0.843791739701524
2012-12-17,0.850054393547961
2012-12-18,0.855716176336065
2012-12-19,0.863071889923916
2012-12-20,0.852054297091955
2012-12-21,0.834798599249952
2012-12-24,0.838902307256397
2012-12-25,0.843919635910637
2012-12-26,0.844677817583421
2012-12-27,0.856714378342559
2012-12-28,0.880075467944661
2012-12-31,0.879988934571536
2013-01-01,0.879988934571536
2013-01-02,0.887626465664549
2013-01-03,0.888379362031166
2013-01-04,0.918045815355362
2013-01-07,0.909870490851842
2013-01-08,0.900564377689671
2013-01-09,0.9064492749739
2013-01-10,0.920940771401875
2013-01-11,0.933282512256789
2013-01-14,0.933536937836708
2013-01-15,0.931521662412184
2013-01-16,0.910618963636147
2013-01-17,0.92152916253361
2013-01-18,0.939550342543997
2013-01-21,0.928639715890547
2013-01-22,0.919989769328842
2013-01-23,0.907444436255434
2013-01-24,0.917501450912894
2013-01-25,0.933367863838026
2013-01-28,0.929271112436006
2013-01-29,0.93710106739659
2013-01-30,0.950493950272035
2013-01-31,0.953456072176842
2013-02-01,0.964053396062207
2013-02-04,0.974835279677669
2013-02-05,0.956310467921078
2013-02-06,0.990088283057872
2013-02-07,0.988431169119961
2013-02-08,0.982151958439567
2013-02-11,0.982151958439567
2013-02-12,0.989746870594133
2013-02-13,0.983055275392087
2013-02-14,0.980676816417681
2013-02-15,0.967762445355769
2013-02-18,0.981876681963069
2013-02-19,0.976736031667005
2013-02-20,0.983895711640062
2013-02-21,0.974166997742472
2013-02-22,0.972046672737976
2013-02-25,0.986391276010665
2013-02-26,0.965920679844529
2013-02-27,0.947492505797829
2013-02-28,0.97698537081934
2013-03-01,0.977906851757333
2013-03-04,0.980510084676061
2013-03-05,0.983661636099361
2013-03-06,1.00528153042475
2013-03-07,1.00685816792193
2013-03-08,1.03168692784488
2013-03-11,1.04909730963649
2013-03-12,1.03682744588607
2013-03-13,1.04528133163417
2013-03-14,1.04464696712153
2013-03-15,1.0551707587203
2013-03-18,1.02318735661848
2013-03-19,1.04249260715061
2013-03-20,1.04306600260967
2013-03-21,1.04762318949215
2013-03-22,1.0248881431264
2013-03-25,1.03503383555843
2013-03-26,1.03102109727004
2013-03-27,1.03628089186794
2013-03-28,1.02611018246407
2013-03-29,1.02280930669826
2013-04-01,0.984778880868482
2013-04-02,0.980767321268084
2013-04-03,1.01719788941802
2013-04-04,1.04454110386212
2013-04-05,1.07038134070444
2013-04-08,1.11302977968632
2013-04-09,1.11602852502958
2013-04-10,1.14644572936811
2013-04-11,1.18591203996557
2013-04-12,1.18160704158738
2013-04-15,1.17474131312518
2013-04-16,1.15289073027688
2013-04-17,1.16735067380183
2013-04-18,1.15951731426956
2013-04-19,1.15656016513004
2013-04-22,1.17222410786846
2013-04-23,1.16462634316125
2013-04-24,1.17760431187037
2013-04-25,1.19092320440219
2013-04-26,1.17970898486819
2013-04-29,1.17895517436688
2013-04-30,1.18545544046424
2013-05-01,1.19726856460513
2013-05-02,1.21383494129929
2013-05-03,1.2149197598441
2013-05-06,1.21462396786197
2013-05-07,1.24537397769319
2013-05-08,1.24079393914813
2013-05-09,1.23602208963181
2013-05-10,1.26380846906708
2013-05-13,1.28425281252852
2013-05-14,1.27676042480729
2013-05-15,1.31049821270016
2013-05-16,1.29099280072802
2013-05-17,1.29104522261368
2013-05-20,1.29653331988956
2013-05-21,1.27940883088769
2013-05-22,1.29125944382343
2013-05-23,1.20948486533555
2013-05-24,1.1967633898116
2013-05-27,1.17929512123801
2013-05-28,1.18405280285013
2013-05-29,1.19174342739828
2013-05-30,1.14822508100097
2013-05-31,1.14240463472368
2013-06-03,1.10393449575132
2013-06-04,1.13819632610275
2013-06-05,1.10248556886898
2013-06-06,1.09216142974624
2013-06-07,1.07751209813702
2013-06-10,1.13312031939555
2013-06-11,1.12336926766851
2013-06-12,1.11467187099179
2013-06-13,1.06942323123131
2013-06-14,1.07718236959784
2013-06-17,1.10695355697044
2013-06-18,1.10064141385939
2013-06-19,1.12507847144526
2013-06-20,1.14190538592182
2013-06-21,1.13317345763275
2013-06-24,1.13036793459397
2013-06-25,1.11506141852131
2013-06-26,1.13279617537691
2013-06-27,1.15702336047796
2013-06-28,1.1970967572952
2013-07-01,1.20074207769726
2013-07-02,1.21688013300568
2013-07-03,1.20954573696174
2013-07-04,1.20772817817907
2013-07-05,1.21514328832734
2013-07-08,1.19459370206847
2013-07-09,1.21665815478083
2013-07-10,1.21277558071186
2013-07-11,1.21962100946539
2013-07-12,1.22370285975001
2013-07-15,1.22306710260774
2013-07-16,1.22019504990557
2013-07-17,1.22425837282702
2013-07-18,1.22718588831456
2013-07-19,1.22280706361466
2013-07-22,1.22244481125443
2013-07-23,1.23126900934386
2013-07-24,1.23265556906114
2013-07-25,1.22351563799929
2013-07-26,1.20080355604711
2013-07-29,1.17551721955563
2013-07-30,1.18427200619351
2013-07-31,1.17205285736219
2013-08-01,1.17533517326473
2013-08-02,1.19650867214312
2013-08-05,1.19620062202451
2013-08-06,1.20897270315298
2013-08-07,1.18755908907202
2013-08-08,1.17580737684374
2013-08-09,1.18455792326062
2013-08-12,1.19578696130402
2013-08-13,1.21541972727166
2013-08-14,1.22745756575609
2013-08-15,1.21818654440918
2013-08-16,1.2115551817866
2013-08-19,1.21054315781846
2013-08-20,1.18649906731283
2013-08-21,1.18088481589648
2013-08-22,1.18243539598512
2013-08-23,1.20282203140482
2013-08-26,1.20804661720603
2013-08-27,1.20187018515119
2013-08-28,1.18446960524661
2013-08-29,1.18430132985747
2013-08-30,1.18006816613996
2013-09-02,1.18628950571957
2013-09-03,1.207406904991
2013-09-04,1.20840422319075
2013-09-05,1.22135649087964
2013-09-06,1.22225049779806
2013-09-09,1.2384482000681
2013-09-10,1.25676827371489
2013-09-11,1.24778766848157
2013-09-12,1.24581551026927
2013-09-13,1.23978505324078
2013-09-16,1.24800863137268
2013-09-17,1.23800696860033
2013-09-18,1.24848277640367
2013-09-19,1.26743598107146
2013-09-20,1.26509460618022
2013-09-23,1.26345001128091
2013-09-24,1.26150880362311
2013-09-25,1.25534259456332
2013-09-26,1.25557670240317
2013-09-27,1.25063420231138
2013-09-30,1.23218167176995
2013-10-01,1.23793895569912
2013-10-02,1.20748231286488
2013-10-03,1.2007294975296
2013-10-04,1.19700675315081
2013-10-07,1.18547603956637
2013-10-08,1.19443173162431
2013-10-09,1.20119649347945
2013-10-10,1.19923427004958
2013-10-11,1.19355850080979
2013-10-14,1.19311115346608
2013-10-15,1.21255389276086
2013-10-16,1.20658153248389
2013-10-17,1.21109064504695
2013-10-18,1.20803575699128
2013-10-21,1.21400570532408
2013-10-22,1.21420136567036
2013-10-23,1.18838358712663
2013-10-24,1.18845941621957
2013-10-25,1.15214397758335
2013-10-28,1.18227961337581
2013-10-29,1.18870339178116
2013-10-30,1.22208456693777
2013-10-31,1.21537196321123
2013-11-01,1.20429588664717
2013-11-04,1.20496301601191
2013-11-05,1.19217149108201
2013-11-06,1.19143121905773
2013-11-07,1.1747979211552
2013-11-08,1.15325824181217
2013-11-11,1.16050508416816
2013-11-12,1.18801948165893
2013-11-13,1.19048187272099
2013-11-14,1.2235055998078
2013-11-15,1.2568854488172
2013-11-18,1.2636858953698
2013-11-19,1.26387457622717
2013-11-20,1.26214153755082
2013-11-21,1.28458872819527
2013-11-22,1.27834210415509
2013-11-25,1.29790793949479
2013-11-26,1.29581043338294
2013-11-27,1.28985521484401
2013-11-28,1.31672032389539
2013-11-29,1.31268989836224
2013-12-02,1.3180082160959
2013-12-03,1.32591853337991
2013-12-04,1.30390646209708
2013-12-05,1.28455272993131
2013-12-06,1.29279067804456
2013-12-09,1.32496976356364
2013-12-10,1.31866051176383
2013-12-11,1.31420778141896
2013-12-12,1.30372354316793
2013-12-13,1.31386489397692
2013-12-16,1.29691894467905
2013-12-17,1.30945344414938
2013-12-18,1.33100195648383
2013-12-19,1.36047462631871
2013-12-20,1.38675565821029
2013-12-23,1.38955644013515
2013-12-24,1.38713633825767
2013-12-25,1.41023221410322
2013-12-26,1.41537670939492
2013-12-27,1.41108846928402
2013-12-30,1.42488104888246
2013-12-31,1.42499202092676
2014-01-01,1.42499202092676
2014-01-02,1.42135303463535
2014-01-03,1.42094068013619
2014-01-06,1.37804830586034
2014-01-07,1.37532024528484
2014-01-08,1.40051257184614
2014-01-09,1.36522613811818
2014-01-10,1.38181148709612
2014-01-13,1.38045099836396
2014-01-14,1.34001489080792
2014-01-15,1.35655142462551
2014-01-16,1.33912776638102
2014-01-17,1.33291869481562
2014-01-20,1.3158920908375
2014-01-21,1.33872187640209
2014-01-22,1.33661968099224
2014-01-23,1.32442181824515
2014-01-24,1.30607513176389
2014-01-27,1.27808464756192
2014-01-28,1.27359614658335
2014-01-29,1.30994090650282
2014-01-30,1.28374206672605
2014-01-31,1.26644948428235
2014-02-03,1.23663346339197
2014-02-04,1.20180228558858
2014-02-05,1.21142019276479
2014-02-06,1.21707994386872
2014-02-07,1.23564194972364
2014-02-10,1.25561808279431
2014-02-11,1.25591449877231
2014-02-12,1.25010264508481
2014-02-13,1.23602121864055
2014-02-14,1.2135266848992
2014-02-17,1.21613135841011
2014-02-18,1.26446204588795
2014-02-19,1.25814078738385
2014-02-20,1.23008544268971
2014-02-21,1.26481175992814
2014-02-24,1.27147361382963
2014-02-25,1.29316263433447
2014-02-26,1.28599302963282
2014-02-27,1.27270654610293
2014-02-28,1.26481403184428
2014-03-03,1.26047563206214
2014-03-04,1.2652005662943
2014-03-05,1.28675342461443
2014-03-06,1.30684234259492
2014-03-07,1.31613859194249
2014-03-10,1.29558662756012
2014-03-11,1.30086828191462
2014-03-12,1.26811752102646
2014-03-13,1.26943922202961
2014-03-14,1.2361063887089
2014-03-17,1.23191333344149
2014-03-18,1.2340414120738
2014-03-19,1.24950274358602
2014-03-20,1.23424067896587
2014-03-21,1.23706914511681
2014-03-24,1.26711323972542
2014-03-25,1.25719166560814
2014-03-26,1.26159177483974
2014-03-27,1.28584133140148
2014-03-28,1.29296094236941
2014-03-31,1.30189640327283
2014-04-01,1.31132572425269
2014-04-02,1.30858186836942
2014-04-03,1.3115965107035
2014-04-04,1.30911764205007
2014-04-07,1.29504954612233
2014-04-08,1.27565584711419
2014-04-09,1.24573561366413
2014-04-10,1.23716096872169
2014-04-11,1.23007057362411
2014-04-14,1.23105476323075
2014-04-15,1.23712699908942
2014-04-16,1.26628051276286
2014-04-17,1.261293651461
2014-04-18,1.27074823450677
2014-04-21,1.26899378004843
2014-04-22,1.25825995206179
2014-04-23,1.27259262966587
2014-04-24,1.25322672311326
2014-04-25,1.2504177603008
2014-04-28,1.24452396745923
2014-04-29,1.24310606334299
2014-04-30,1.24851190449563
2014-05-01,1.26778998513796
2014-05-02,1.26695279054113
2014-05-05,1.26695279054113
2014-05-06,1.26731790661909
2014-05-07,1.23627338285633
2014-05-08,1.2413963891146
2014-05-09,1.24697657439817
2014-05-12,1.2416371419019
2014-05-13,1.26498451048012
2014-05-14,1.27279707792287
2014-05-15,1.23804435756666
2014-05-16,1.20851783624006
2014-05-19,1.20088251859117
2014-05-20,1.20557688724864
2014-05-21,1.20401650533776
2014-05-22,1.22392025099403
2014-05-23,1.22634400213772
2014-05-26,1.24821127258535
2014-05-27,1.25068650581487
2014-05-28,1.24456375749946
2014-05-29,1.24367154452309
2014-05-30,1.24634727885353
2014-06-02,1.26494473306919
2014-06-03,1.26789189588156
2014-06-04,1.27305890808372
2014-06-05,1.26998897590486
2014-06-06,1.26685252218201
2014-06-09,1.26968217931336
2014-06-10,1.26552676109252
2014-06-11,1.27069336699847
2014-06-12,1.27334426813041
2014-06-13,1.27751127950202
2014-06-16,1.27391118029753
2014-06-17,1.27349541842672
2014-06-18,1.2800896099538
2014-06-19,1.31474932780704
2014-06-20,1.31710578230427
2014-06-23,1.31264616825197
2014-06-24,1.31017229517339
2014-06-25,1.3046110580803
2014-06-26,1.30702444010051
2014-06-27,1.29489244605772
2014-06-30,1.29999442329666
2014-07-01,1.32385745700167
2014-07-02,1.32263576731789
2014-07-03,1.31010978774585
2014-07-04,1.31399984138013
2014-07-07,1.30865413615975
2014-07-08,1.30279104471406
2014-07-09,1.29216192766971
2014-07-10,1.28334045738424
2014-07-11,1.27382134072644
2014-07-14,1.27600761261964
2014-07-15,1.28229811538798
2014-07-16,1.28728209393255
2014-07-17,1.28577530294319
2014-07-18,1.27922735701066
2014-07-21,1.27932587949509
2014-07-22,1.2770629563269
2014-07-23,1.2739476308223
2014-07-24,1.27297808081631
2014-07-25,1.28916497748873
2014-07-28,1.29747957886884
2014-07-29,1.31277539410204
2014-07-30,1.31798579446167
2014-07-31,1.31452954653658
2014-08-01,1.31816187302116
2014-08-04,1.30761268387398
2014-08-05,1.30022369516417
2014-08-06,1.28006329579515
2014-08-07,1.28383626671624
2014-08-08,1.2471040841348
2014-08-11,1.27047049935256
2014-08-12,1.27013776022268
2014-08-13,1.27058182656492
2014-08-14,1.28173245013091
2014-08-15,1.27773833844199
2014-08-18,1.27786121373057
2014-08-19,1.29024480073657
2014-08-20,1.29490685880472
2014-08-21,1.30573952592138
2014-08-22,1.30099419121048
2014-08-25,1.30607462325165
2014-08-26,1.29227292013592
2014-08-27,1.29506870519833
2014-08-28,1.29489101450795
2014-08-29,1.29554858624217
2014-09-01,1.29621509222309
2014-09-02,1.30906946579082
2014-09-03,1.31692667840859
2014-09-04,1.31210881663004
2014-09-05,1.30922311433743
2014-09-08,1.31468021720337
2014-09-09,1.31625358680003
2014-09-10,1.32817169294573
2014-09-11,1.33559289546917
2014-09-12,1.34183266361523
2014-09-15,1.33921380923927
2014-09-16,1.33815430398171
2014-09-17,1.33418771598261
2014-09-18,1.34138100622108
2014-09-19,1.35397594719556
2014-09-22,1.35954850666334
2014-09-23,1.35682485817016
2014-09-24,1.35193753418228
2014-09-25,1.37683653470043
2014-09-26,1.36823124200265
2014-09-29,1.37310121911011
2014-09-30,1.36543412937323
2014-10-01,1.36390985281583
2014-10-02,1.33645979739507
2014-10-03,1.33673500042726
2014-10-06,1.3426816564056
2014-10-07,1.34587076933095
2014-10-08,1.33219042478684
2014-10-09,1.32734303936634
2014-10-10,1.30518560219407
2014-10-13,1.30609455971877
2014-10-14,1.27810448443943
2014-10-15,1.29468603074363
2014-10-16,1.26766526495219
2014-10-17,1.26510541956307
2014-10-20,1.31723818346008
2014-10-21,1.29687004186222
2014-10-22,1.33516137729487
2014-10-23,1.3243912875354
2014-10-24,1.33727939003519
2014-10-27,1.34577315466208
2014-10-28,1.34988748724187
2014-10-29,1.37050509669416
2014-10-30,1.39083770556534
2014-10-31,1.43585333537573
2014-11-03,1.43655219529121
2014-11-04,1.46673660125327
2014-11-05,1.44766694375571
2014-11-06,1.44392493787554
2014-11-07,1.43693760009463
2014-11-10,1.43188416744772
2014-11-11,1.46400343739948
2014-11-12,1.46943287716691
2014-11-13,1.48922067816418
2014-11-14,1.49170028850159
2014-11-17,1.45207501059353
2014-11-18,1.47711108363008
2014-11-19,1.46287589195063
2014-11-20,1.4536526962231
2014-11-21,1.45650722790318
2014-11-24,1.46120312529785
2014-11-25,1.47597525598938
2014-11-26,1.48634085811881
2014-11-27,1.46915100825356
2014-11-28,1.48337504983543
2014-12-01,1.47749631131856
2014-12-02,1.47175035917911
2014-12-03,1.46532268510434
2014-12-04,1.47547578326602
2014-12-05,1.47721731000254
2014-12-08,1.46827756353096
2014-12-09,1.45161192959685
2014-12-10,1.44121781492334
2014-12-11,1.4204692483053
2014-12-12,1.42053167959147
2014-12-15,1.40436133357898
2014-12-16,1.37694460320524
2014-12-17,1.38063961374466
2014-12-18,1.40545827161451
2014-12-19,1.43560832580315
2014-12-22,1.43933090430844
2014-12-23,1.43839481644128
2014-12-24,1.4466080500307
2014-12-25,1.43760952823147
2014-12-26,1.43754966776741
2014-12-29,1.43592493297287
2014-12-30,1.40988655471587
2014-12-31,1.41006891615441
2015-01-01,1.41006891615441
2015-01-02,1.41022830000387
2015-01-05,1.4016291249508
2015-01-06,1.36712321156621
2015-01-07,1.36731702523749
2015-01-08,1.38815576762873
2015-01-09,1.39643614952989
2015-01-12,1.39738532141086
2015-01-13,1.39267146806943
2015-01-14,1.39032703002188
2015-01-15,1.42807694957911
2015-01-16,1.40132822522444
2015-01-19,1.40011687139138
2015-01-20,1.43078630261379
2015-01-21,1.43634506105247
2015-01-22,1.43345417363867
2015-01-23,1.43911690550131
2015-01-26,1.44878352038588
2015-01-27,1.4776252949702
2015-01-28,1.49142570945588
2015-01-29,1.47561027780932
2015-01-30,1.4805316000201
2015-02-02,1.46743252101336
2015-02-03,1.4445406242989
2015-02-04,1.4749340326325
2015-02-05,1.46297550488813
2015-02-06,1.46409646074106
2015-02-09,1.46304214784861
2015-02-10,1.46285495128014
2015-02-11,1.46438810998529
2015-02-12,1.49879085408796
2015-02-13,1.50762271225401
2015-02-16,1.52686740398201
2015-02-17,1.53369895673517
2015-02-18,1.55064980802441
2015-02-19,1.56321031806348
2015-02-20,1.56485101340375
2015-02-23,1.59463134989364
2015-02-24,1.6027666433075
2015-02-25,1.5752724861478
2015-02-26,1.59694830098486
2015-02-27,1.59352092694693
2015-03-02,1.60369751114473
2015-03-03,1.59749943016225
2015-03-04,1.58428067513626
2015-03-05,1.58869523239443
2015-03-06,1.59529941979284
2015-03-09,1.59069865537282
2015-03-10,1.58191255231393
2015-03-11,1.5972984414605
2015-03-12,1.62160044608711
2015-03-13,1.6458391992639
2015-03-16,1.64407760952287
2015-03-17,1.67173802221267
2015-03-18,1.70386180876203
2015-03-19,1.69829540503408
2015-03-20,1.70035444590244
2015-03-23,1.71701802310645
2015-03-24,1.70382297268611
2015-03-25,1.7026960801019
2015-03-26,1.67232124170931
2015-03-27,1.65923915307261
2015-03-30,1.66721102039772
2015-03-31,1.6179173363822
2015-04-01,1.61197009251299
2015-04-02,1.64913493050465
2015-04-03,1.65053433891401
2015-04-06,1.64739351713935
2015-04-07,1.66933200386442
2015-04-08,1.67726570821891
2015-04-09,1.67251687095066
2015-04-10,1.67026839099228
2015-04-13,1.66960729292732
2015-04-14,1.67153804136266
2015-04-15,1.67072496809568
2015-04-16,1.68406287756605
2015-04-17,1.6828009425116
2015-04-20,1.69069388377526
2015-04-21,1.73022438121268
2015-04-22,1.75732237636627
2015-04-23,1.74768083642692
2015-04-24,1.7439365068135
2015-04-27,1.73793354819373
2015-04-28,1.75954269683411
2015-04-29,1.75803106406809
2015-04-30,1.7273153918881
2015-05-01,1.71408447347427
2015-05-04,1.71551037056881
2015-05-05,1.71545050232583
2015-05-06,1.70982600908738
2015-05-07,1.69882060403423
2015-05-08,1.73430387335881
2015-05-11,1.73502209634064
2015-05-12,1.73262961965432
2015-05-13,1.729180834805
2015-05-14,1.6985436919082
2015-05-15,1.7377634381547
2015-05-18,1.76994986890078
2015-05-19,1.76607486424749
2015-05-20,1.77752835650167
2015-05-21,1.77883588114755
2015-05-22,1.77896338115263
2015-05-25,1.7868606572563
2015-05-26,1.78389503548052
2015-05-27,1.78005589408908
2015-05-28,1.80464773356657
2015-05-29,1.80493377943022
2015-06-01,1.81270462839995
2015-06-02,1.79902854865769
2015-06-03,1.79520419995581
2015-06-04,1.80171732967612
2015-06-05,1.78852344124162
2015-06-08,1.77672292237505
2015-06-09,1.75045367574592
2015-06-10,1.74246352622904
2015-06-11,1.77180419724038
2015-06-12,1.77557320808539
2015-06-15,1.77070842457739
2015-06-16,1.75082145095191
2015-06-17,1.74501971442095
2015-06-18,1.72801547708154
2015-06-19,1.73980464593406
2015-06-22,1.77710015301254
2015-06-23,1.80541075171687
2015-06-24,1.80647261622955
2015-06-25,1.80344898963971
2015-06-26,1.80310589827366
2015-06-29,1.75869253272723
2015-06-30,1.75889025370274
2015-07-01,1.76866760989579
2015-07-02,1.77602621607241
2015-07-03,1.7897768693581
2015-07-06,1.74041615123786
2015-07-07,1.75086525913782
2015-07-08,1.68331717960715
2015-07-09,1.68216096085688
2015-07-10,1.7039934707515
2015-07-13,1.72770568227288
2015-07-14,1.73835616339435
2015-07-15,1.74962522638918
2015-07-16,1.76962329073536
2015-07-17,1.78733123041973
2015-07-20,1.78358747973402
2015-07-21,1.7995504376039
2015-07-22,1.76876859467496
2015-07-23,1.7840933659078
2015-07-24,1.76696618233554
2015-07-27,1.75439707348717
2015-07-28,1.74013767877153
2015-07-29,1.74860933853329
2015-07-30,1.75996767457633
2015-07-31,1.77407355299094
2015-08-03,1.751313665084
2015-08-04,1.75471046972016
2015-08-05,1.76004843322132
2015-08-06,1.75610487240479
2015-08-07,1.77046690200511
2015-08-10,1.77857055706084
2015-08-11,1.78272539187387
2015-08-12,1.75617722959374
2015-08-13,1.73680800326277
2015-08-14,1.75057044027918
2015-08-17,1.73562199414126
2015-08-18,1.74602475462245
2015-08-19,1.73258816267927
2015-08-20,1.70531491928324
2015-08-21,1.64324257890532
2015-08-24,1.52193674480709
2015-08-25,1.51380800026494
2015-08-26,1.55693799643579
2015-08-27,1.59427489421204
2015-08-28,1.64777678216961
2015-08-31,1.62741172846958
2015-09-01,1.58118299880038
2015-09-02,1.56893296347536
2015-09-03,1.56670463067998
2015-09-04,1.52870907107202
2015-09-07,1.52008556168356
2015-09-08,1.50902186180194
2015-09-09,1.59884243876397
2015-09-10,1.57209338863165
2015-09-11,1.57973671711098
2015-09-14,1.55587105068121
2015-09-15,1.54422663833605
2015-09-16,1.56754181224486
2015-09-17,1.58161081458164
2015-09-18,1.54606758675567
2015-09-21,1.54220349137904
2015-09-22,1.54620857572126
2015-09-23,1.54316741608657
2015-09-24,1.5075667408142
2015-09-25,1.54746434600039
2015-09-28,1.53505480573556
2015-09-29,1.46877915388013
2015-09-30,1.49431860978101
2015-10-01,1.50573673586651
2015-10-02,1.52908022679504
2015-10-05,1.53600737493228
2015-10-06,1.52625240974094
2015-10-07,1.55594079205486
2015-10-08,1.5408796357387
2015-10-09,1.5439366548437
2015-10-12,1.55518858645342
2015-10-13,1.55088049675167
2015-10-14,1.54660214461649
2015-10-15,1.57360929528504
2015-10-16,1.57305825029822
2015-10-19,1.57444331477715
2015-10-20,1.57594413507629
2015-10-21,1.57933845804495
2015-10-22,1.57132966426433
2015-10-23,1.59349877692225
2015-10-26,1.59399950801005
2015-10-27,1.5936611892657
2015-10-28,1.58797443078466
2015-10-29,1.58077548976893
2015-10-30,1.58756734895264
2015-11-02,1.57268390395579
2015-11-03,1.5813072480716
2015-11-04,1.61003489545576
2015-11-05,1.60600590923766
2015-11-06,1.59561020955342
2015-11-09,1.59446458404251
2015-11-10,1.57864110377609
2015-11-11,1.56745727308781
2015-11-12,1.58058735021652
2015-11-13,1.5543946332187
2015-11-16,1.53730665212092
2015-11-17,1.55203973119223
2015-11-18,1.54436676293007
2015-11-19,1.55952372391141
2015-11-20,1.56827284418431
2015-11-23,1.56276577014205
2015-11-24,1.56588815946101
2015-11-25,1.56528402390536
2015-11-26,1.56808319033907
2015-11-27,1.54619857893889
2015-11-30,1.53829340837706
2015-12-01,1.57377661768046
2015-12-02,1.57730871254215
2015-12-03,1.57284944954216
2015-12-04,1.55677787925258
2015-12-07,1.56524656287773
2015-12-08,1.55028862234477
2015-12-09,1.54474962518689
2015-12-10,1.54056540106292
2015-12-11,1.52828288069263
2015-12-14,1.52130674786615
2015-12-15,1.51521722024118
2015-12-16,1.54334924340538
2015-12-17,1.54980089370465
2015-12-18,1.53654048444627
2015-12-21,1.53400822326169
2015-12-22,1.5347848971179
2015-12-23,1.54085590970227
2015-12-24,1.53687623146363
2015-12-25,1.53768080528599
2015-12-28,1.53441766785621
2015-12-29,1.53767374596068
2015-12-30,1.53817478731134
2015-12-31,1.53805100546815
2016-01-01,1.53805100546815
2016-01-04,1.50532563709295
2016-01-05,1.49754841957652
2016-01-06,1.48500503857444
2016-01-07,1.46569121409017
2016-01-08,1.44734716581232
2016-01-11,1.44496592773661
2016-01-12,1.40309110195571
2016-01-13,1.43998190377174
2016-01-14,1.40871089033155
2016-01-15,1.40319557198055
2016-01-18,1.39815771468212
2016-01-19,1.39130653961998
2016-01-20,1.34236262724901
2016-01-21,1.30265735006118
2016-01-22,1.37597050799457
2016-01-25,1.42640914558624
2016-01-26,1.40577345685046
2016-01-27,1.43735779684341
2016-01-28,1.44944812712267
2016-01-29,1.47352134717609
2016-02-01,1.48149576751075
2016-02-02,1.46762130772888
2016-02-03,1.43115602890064
2016-02-04,1.42922434609726
2016-02-05,1.43252135299191
2016-02-08,1.43377032778491
2016-02-09,1.37774703291106
2016-02-10,1.32755221238183
2016-02-11,1.32525995224043
2016-02-12,1.27465114142666
2016-02-15,1.38484667972486
2016-02-16,1.38290313059216
2016-02-17,1.36365596314761
2016-02-18,1.40679194134787
2016-02-19,1.38010870646541
2016-02-22,1.37741863468577
2016-02-23,1.37197559581207
2016-02-24,1.35355998299825
2016-02-25,1.3771297489407
2016-02-26,1.38889666261839
2016-02-29,1.37810743005352
2016-03-01,1.38759672064776
2016-03-02,1.42632388911875
2016-03-03,1.47004613036764
2016-03-04,1.46779292819412
2016-03-07,1.45110852507768
2016-03-08,1.4511496592749
2016-03-09,1.43039293678372
2016-03-10,1.45496959443097
2016-03-11,1.45151505941382
2016-03-14,1.45917493929541
2016-03-15,1.45959011078952
2016-03-16,1.45193139168005
2016-03-17,1.44359892109051
2016-03-18,1.44849423218992
2016-03-21,1.44834056354171
2016-03-22,1.46957942922632
2016-03-23,1.46779461497006
2016-03-24,1.46201111407798
2016-03-25,1.47095735784775
2016-03-28,1.48129525205119
2016-03-29,1.47985854854154
2016-03-30,1.46905313303424
2016-03-31,1.45548504251571
2016-04-01,1.43237625379269
2016-04-04,1.43065533996433
2016-04-05,1.41054293307356
2016-04-06,1.4094743489026
2016-04-07,1.40527567945363
2016-04-08,1.41191930694249
2016-04-11,1.41089044225328
2016-04-12,1.42598871763593
2016-04-13,1.46518991818947
2016-04-14,1.48356064438808
2016-04-15,1.47793175949904
2016-04-18,1.45599314050283
2016-04-19,1.47650293226935
2016-04-20,1.46795677731777
2016-04-21,1.49547926793222
2016-04-22,1.50162482817904
2016-04-25,1.48992675002343
2016-04-26,1.4771377126145
2016-04-27,1.46980025104541
2016-04-28,1.45010853726391
2016-04-29,1.43969986240814
2016-05-02,1.431105350987
2016-05-03,1.41647988654393
2016-05-04,1.41033727477579
2016-05-05,1.4111841933361
2016-05-06,1.39627384138529
2016-05-09,1.40421858050285
2016-05-10,1.40859611173508
2016-05-11,1.38849557410132
2016-05-12,1.39805386461946
2016-05-13,1.3901533272126
2016-05-16,1.39151514395823
2016-05-17,1.39299765272846
2016-05-18,1.39012645708629
2016-05-19,1.38571091918891
2016-05-20,1.38949069786752
2016-05-23,1.39187114930496
2016-05-24,1.3853587971253
2016-05-25,1.41761948131791
2016-05-26,1.41861787390162
2016-05-27,1.42295512543767
2016-05-30,1.43236769436719
2016-05-31,1.44517543182399
2016-06-01,1.42788116401293
2016-06-02,1.41237901453897
2016-06-03,1.42872975265675
2016-06-06,1.43593408256809
2016-06-07,1.45490844892902
2016-06-08,1.45710449961354
2016-06-09,1.45299625151559
2016-06-10,1.44057286423011
2016-06-13,1.40010336549784
2016-06-14,1.39508577293521
2016-06-15,1.39750882780017
2016-06-16,1.38113967503181
2016-06-17,1.38547199165168
2016-06-20,1.40713095570763
2016-06-21,1.42010440833993
2016-06-22,1.42507839689555
2016-06-23,1.43540932053925
2016-06-24,1.38686940700679
2016-06-27,1.39984751167576
2016-06-28,1.40109133203767
2016-06-29,1.41327965374411
2016-06-30,1.43582447470455
2016-07-01,1.43833813003446
2016-07-04,1.46100874295522
2016-07-05,1.44672159924523
2016-07-06,1.41607697246016
2016-07-07,1.41410688685364
2016-07-08,1.41084981838891
2016-07-11,1.45366902533416
2016-07-12,1.46520119116905
2016-07-13,1.48053660844607
2016-07-14,1.48422769561856
2016-07-15,1.47031459826284
2016-07-18,1.47121384574657
2016-07-19,1.47108567732524
2016-07-20,1.47212397141112
2016-07-21,1.47016403489201
2016-07-22,1.46651280650713
2016-07-25,1.47972619527491
2016-07-26,1.46584643451983
2016-07-27,1.49646589449763
2016-07-28,1.4876246560914
2016-07-29,1.50489820443789
2016-08-01,1.51444494615559
2016-08-02,1.49808748513786
2016-08-03,1.47832203885715
2016-08-04,1.49068333873469
2016-08-05,1.50579452954687
2016-08-08,1.51875079529802
2016-08-09,1.52465795182645
2016-08-10,1.504077822582
2016-08-11,1.52187703352347
2016-08-12,1.51868507791456
2016-08-15,1.51364899200349
2016-08-16,1.49158930648395
2016-08-17,1.49571186022984
2016-08-18,1.48789512831514
2016-08-19,1.51042662605319
2016-08-22,1.52019644858373
2016-08-23,1.51672721230282
2016-08-24,1.52294145546219
2016-08-25,1.52046443299537
2016-08-26,1.51879474451817
2016-08-29,1.53090531533957
2016-08-30,1.52875335253543
2016-08-31,1.53859768161304
2016-09-01,1.53516461720477
2016-09-02,1.54557598971071
2016-09-05,1.56204899980958
2016-09-06,1.57461979334398
2016-09-07,1.57712932707415
2016-09-08,1.58515047974259
2016-09-09,1.58476322570566
2016-09-12,1.54144296529411
2016-09-13,1.55294197613124
2016-09-14,1.55084151461622
2016-09-15,1.54533923473996
2016-09-16,1.5515542293722
2016-09-19,1.57453960987664
2016-09-20,1.58676232162947
2016-09-21,1.59731743059764
2016-09-22,1.60139731982294
2016-09-23,1.59850909563289
2016-09-26,1.59565547260996
2016-09-27,1.6305808136116
2016-09-28,1.62503142750613
2016-09-29,1.61382220155573
2016-09-30,1.60728757899344
2016-10-03,1.61018533946279
2016-10-04,1.64757774601146
2016-10-05,1.67204630273285
2016-10-06,1.68047895883978
2016-10-07,1.66942790291403
2016-10-10,1.65391458115649
2016-10-11,1.64959603739403
2016-10-12,1.63494354365438
2016-10-13,1.62902928326691
2016-10-14,1.64859498959736
2016-10-17,1.66353685129502
2016-10-18,1.65426913573438
2016-10-19,1.62942202537297
2016-10-20,1.6410702112206
2016-10-21,1.65509170936347
2016-10-24,1.64004974610517
2016-10-25,1.662870757264
2016-10-26,1.69500590382385
2016-10-27,1.69560828202192
2016-10-28,1.70110541003048
2016-10-31,1.68031883252467
2016-11-01,1.69509599546831
2016-11-02,1.65754334843418
2016-11-03,1.65860705411209
2016-11-04,1.64179096693351
2016-11-07,1.66216874323692
2016-11-08,1.66830998239127
2016-11-09,1.58474071868295
2016-11-10,1.67363334869261
2016-11-11,1.67159403100576
2016-11-14,1.68102035253493
2016-11-15,1.69448882196657
2016-11-16,1.74610059406172
2016-11-17,1.76138745977424
2016-11-18,1.76786037612014
2016-11-21,1.75890072183702
2016-11-22,1.79594034353309
2016-11-23,1.80232130811685
2016-11-24,1.80749654746423
2016-11-25,1.79939583544854
2016-11-28,1.80624175047564
2016-11-29,1.80075513267827
2016-11-30,1.81002083023448
2016-12-01,1.85618088294166
2016-12-02,1.87361977282613
2016-12-05,1.85559464804451
2016-12-06,1.88666516853212
2016-12-07,1.91030527161929
2016-12-08,1.94249062745332
2016-12-09,1.9442918902623
2016-12-12,1.93994822394213
2016-12-13,1.93481002942113
2016-12-14,1.95796969040769
2016-12-15,1.95386514421503
2016-12-16,1.97427767808799
2016-12-19,1.94863746734285
2016-12-20,1.94313534084155
2016-12-21,1.94038751726961
2016-12-22,1.9464667368429
2016-12-23,1.9587033254045
2016-12-26,1.93956674888717
2016-12-27,1.94151129775035
2016-12-28,1.93309482611108
2016-12-29,1.9069195237664
2016-12-30,1.90417483600142
2017-01-02,1.90667622873844
2017-01-03,1.9132978720739
2017-01-04,1.95202357334985
2017-01-05,1.95486263143572
2017-01-06,1.94445114763933
2017-01-09,1.95088865543276
2017-01-10,1.93694686636688
2017-01-11,1.95940992828694
2017-01-12,1.94643859335684
2017-01-13,1.95215487581496
2017-01-16,1.91499850475557
2017-01-17,1.90290770903309
2017-01-18,1.90641118372339
2017-01-19,1.92222456586902
2017-01-20,1.92371928871861
2017-01-23,1.9070951967572
2017-01-24,1.89704094772183
2017-01-25,1.92009964866886
2017-01-26,1.94607622020348
2017-01-27,1.94454410095902
2017-01-30,1.94153932241425
2017-01-31,1.91498037496641
2017-02-01,1.91061826383316
2017-02-02,1.88796569912651
2017-02-03,1.90201011423619
2017-02-06,1.91514352242113
2017-02-07,1.89607356563662
2017-02-08,1.90413526699794
2017-02-09,1.87952966340418
2017-02-10,1.90951450911954
2017-02-13,1.9212206657455
2017-02-14,1.9039392994822
2017-02-15,1.91699500248714
2017-02-16,1.9117076546994
2017-02-17,1.90480501123322
2017-02-20,1.91003379361169
2017-02-21,1.92362399301614
2017-02-22,1.92801454643926
2017-02-23,1.9272374478581
2017-02-24,1.91045541969025
2017-02-27,1.89074190964473
2017-02-28,1.88794819958954
2017-03-01,1.90942494328727
2017-03-02,1.91698808557205
2017-03-03,1.91219779493431
2017-03-06,1.9158562878143
2017-03-07,1.91469347817633
2017-03-08,1.90401891232087
2017-03-09,1.9110080061215
2017-03-10,1.93367927505897
2017-03-13,1.9427609959297
2017-03-14,1.92831357003803
2017-03-15,1.93089308729792
2017-03-16,1.93615056313539
2017-03-17,1.92310349384537
2017-03-20,1.92363488982129
2017-03-21,1.92079999657909
2017-03-22,1.88052693234406
2017-03-23,1.87377657202329
2017-03-24,1.89463023007451
2017-03-27,1.89930659592033
2017-03-28,1.89896390617743
2017-03-29,1.88187263902467
2017-03-30,1.8737660180015
2017-03-31,1.85924309782058
2017-04-03,1.87261080142738
2017-04-04,1.86730411667208
2017-04-05,1.85964382915076
2017-04-06,1.82645925169505
2017-04-07,1.82456091922764
2017-04-10,1.83202067881379
2017-04-11,1.81102682315877
2017-04-12,1.79973562316152
2017-04-13,1.7873100644689
2017-04-14,1.78521189962905
2017-04-17,1.79658853680237
2017-04-18,1.80053952184125
2017-04-19,1.82235497732786
2017-04-20,1.828497755666
2017-04-21,1.8300166861503
2017-04-24,1.86205518029543
2017-04-25,1.86480109161452
2017-04-26,1.87028161171479
2017-04-27,1.86989834885749
2017-04-28,1.8781727979543
2017-05-01,1.88840452516193
2017-05-02,1.89922104757845
2017-05-03,1.89922104757845
2017-05-04,1.90007808131772
2017-05-05,1.90007808131772
2017-05-08,1.96810915403421
2017-05-09,1.96086566113707
2017-05-10,1.98135872880587
2017-05-11,1.98181905992556
2017-05-12,1.97276519429975
2017-05-15,1.98596318663067
2017-05-16,1.99918832068148
2017-05-17,1.99739890636693
2017-05-18,1.98742690523104
2017-05-19,1.92152737247483
2017-05-22,1.91570521719597
2017-05-23,1.93461693160944
2017-05-24,1.96041297164869
2017-05-25,1.95749493952747
2017-05-26,1.94056474969099
2017-05-29,1.95629278848164
2017-05-30,1.96084300829002
2017-05-31,1.97122838426189
2017-06-01,1.95813907905437
2017-06-02,2.00095468204812
2017-06-05,2.01309297183581
2017-06-06,2.01539241112804
2017-06-07,2.01614846887515
2017-06-08,1.99686327903785
2017-06-09,2.01266720188561
2017-06-12,1.98607246703588
2017-06-13,1.98079677083508
2017-06-14,1.98207366688116
2017-06-15,2.00960979040771
2017-06-16,2.0214133344269
2017-06-19,2.05424799780655
2017-06-20,2.06054354872947
2017-06-21,2.05279536011679
2017-06-22,2.06713978267219
2017-06-23,2.06765257063422
2017-06-26,2.07898315811986
2017-06-27,2.08432136221153
2017-06-28,2.05989159348039
2017-06-29,2.06826301481039
2017-06-30,2.02354540404269
2017-07-03,2.00154223046061
2017-07-04,1.95349138975845
2017-07-05,1.97955280004378
2017-07-06,1.96773410828831
2017-07-07,1.96141268057874
2017-07-10,1.99761127644961
2017-07-11,2.0007284063447
2017-07-12,1.99625115217135
2017-07-13,2.01594699571433
2017-07-14,2.01032061201827
2017-07-17,2.01028181061365
2017-07-18,2.01800078778469
2017-07-19,2.04759745485878
2017-07-20,2.04604964101219
2017-07-21,2.03925060780419
2017-07-24,2.02365541304049
2017-07-25,1.98591481382553
2017-07-26,1.978164989219
2017-07-27,2.04951807007641
2017-07-28,1.99540901483526
2017-07-31,2.00162665816844
2017-08-01,1.99375223891104
2017-08-02,2.02614148232656
2017-08-03,2.00106897115657
2017-08-04,1.99878754211722
2017-08-07,2.01460545562803
2017-08-08,2.03083578689373
2017-08-09,1.99210544468722
2017-08-10,1.97369620031224
2017-08-11,1.95204094394382
2017-08-14,1.96143636369907
2017-08-15,1.98264517294979
2017-08-16,1.99189901159292
2017-08-17,1.99621415894997
2017-08-18,1.97829078032156
2017-08-21,1.96824309173735
2017-08-22,1.98414262830561
2017-08-23,1.98318260059238
2017-08-24,1.98197682705683
2017-08-25,1.98810049828947
2017-08-28,1.99792077429638
2017-08-29,1.98663492639105
2017-08-30,1.99664094558845
2017-08-31,2.00733670186377
2017-09-01,2.0134088996569
2017-09-04,2.00383393089252
2017-09-05,1.99074629301923
2017-09-06,2.00273958013602
2017-09-07,1.99641551216115
2017-09-08,2.01529610810476
2017-09-11,2.04969232318679
2017-09-12,2.08893668855472
2017-09-13,2.0939839520438
2017-09-14,2.09475980998828
2017-09-15,2.11268698939806
2017-09-18,2.13156932145128
2017-09-19,2.20029783904902
2017-09-20,2.25088425596838
2017-09-21,2.23767288735112
2017-09-22,2.2262859440092
2017-09-25,2.2483774572337
2017-09-26,2.20243956117775
2017-09-27,2.21268745800461
2017-09-28,2.23584907436031
2017-09-29,2.23177466964451
2017-10-02,2.23511617682808
2017-10-03,2.24240862273421
2017-10-04,2.2427196364128
2017-10-05,2.24306917038737
2017-10-06,2.26122700879037
2017-10-09,2.26037851835546
2017-10-10,2.34835945137162
2017-10-11,2.36998337528487
2017-10-12,2.37487672510564
2017-10-13,2.34640862648177
2017-10-16,2.332008221757
2017-10-17,2.31483242010901
2017-10-18,2.28017212297994
2017-10-19,2.25775527234257
2017-10-20,2.29722605965366
2017-10-23,2.34259610000403
2017-10-24,2.31955993480375
2017-10-25,2.31373573537325
2017-10-26,2.27540042713592
2017-10-27,2.28755642641217
2017-10-30,2.30442405650844
2017-10-31,2.3361667878101
2017-11-01,2.38708906517202
2017-11-02,2.3688372065737
2017-11-03,2.37915891055963
2017-11-06,2.36997733518677
2017-11-07,2.37090607728395
2017-11-08,2.38765823316149
2017-11-09,2.36974710883298
2017-11-10,2.36616756830829
2017-11-13,2.3667112225986
2017-11-14,2.37375192310374
2017-11-15,2.32475518515349
2017-11-16,2.35148496122812
2017-11-17,2.36117839005692
2017-11-20,2.34700014427547
2017-11-21,2.37919990576312
2017-11-22,2.40322360500046
2017-11-23,2.37869999341768
2017-11-24,2.39340220297548
2017-11-27,2.36557587575044
2017-11-28,2.36469126845255
2017-11-29,2.36628991891863
2017-11-30,2.28457875916988
2017-12-01,2.2924868034242
2017-12-04,2.30581233626444
2017-12-05,2.27311304103196
2017-12-06,2.25024733199221
2017-12-07,2.25398309201242
2017-12-08,2.31025989314611
2017-12-11,2.31035910212738
2017-12-12,2.30312798139972
2017-12-13,2.29000145106703
2017-12-14,2.27818237947967
2017-12-15,2.27085414278551
2017-12-18,2.30957793499151
2017-12-19,2.34444990542057
2017-12-20,2.33063643188077
2017-12-21,2.29472375842694
2017-12-22,2.30012952177213
2017-12-25,2.30070505435512
2017-12-26,2.26714653128905
2017-12-27,2.28192148339573
2017-12-28,2.29345868484474
2017-12-29,2.29094608602163
2018-01-01,2.29094608602163
2018-01-02,2.29813347239534
2018-01-03,2.30411050686189
2018-01-04,2.35035397199897
2018-01-05,2.36647246730615
2018-01-08,2.36194712313633
2018-01-09,2.37008321947519
2018-01-10,2.35222747134461
2018-01-11,2.35070300981131
2018-01-12,2.41296432832912
2018-01-15,2.4133963620683
2018-01-16,2.46052033198911
2018-01-17,2.44634408499454
2018-01-18,2.44306929049213
2018-01-19,2.44381833717411
2018-01-22,2.43434564712933
2018-01-23,2.46923854969209
2018-01-24,2.45617683385054
2018-01-25,2.42137822393009
2018-01-26,2.42823508120761
2018-01-29,2.41753143551665
2018-01-30,2.38693907181856
2018-01-31,2.39551878551952
2018-02-01,2.42087318498412
2018-02-02,2.39043765841876
2018-02-05,2.32551724361926
2018-02-06,2.22480610172294
2018-02-07,2.21454248674234
2018-02-08,2.22021715512073
2018-02-09,2.15131896275859
2018-02-12,2.1607072055009
2018-02-13,2.16856343355852
2018-02-14,2.1745985045102
2018-02-15,2.20930036591792
2018-02-16,2.22578713033856
2018-02-19,2.25553454555688
2018-02-20,2.22932263574877
2018-02-21,2.24598417034857
2018-02-22,2.21671913716359
2018-02-23,2.23752022291867
2018-02-26,2.25489346797508
2018-02-27,2.28873200161076
2018-02-28,2.25709308323955
2018-03-01,2.23345115066655
2018-03-02,2.19306656630778
2018-03-05,2.19447329133473
2018-03-06,2.25194688864785
2018-03-07,2.2224301835997
2018-03-08,2.2416169266338
2018-03-09,2.25967047725947
2018-03-12,2.2911203982898
2018-03-13,2.31109582801727
2018-03-14,2.2804164458096
2018-03-15,2.28609700589783
2018-03-16,2.27842797957935
2018-03-19,2.26818871148233
2018-03-20,2.27196256849589
2018-03-21,2.26256222191577
2018-03-22,2.2776545644189
2018-03-23,2.18279804347809
2018-03-26,2.20897496279306
2018-03-27,2.2346634330585
2018-03-28,2.2064602303912
2018-03-29,2.23710450363917
2018-03-30,2.26940080987792
2018-04-02,2.27094728600053
2018-04-03,2.27245141645266
2018-04-04,2.2391947077112
2018-04-05,2.25020773437561
2018-04-06,2.24938773280639
2018-04-09,2.25938784259486
2018-04-10,2.26861073015007
2018-04-11,2.31267097151643
2018-04-12,2.29356620453888
2018-04-13,2.30416400751197
2018-04-16,2.26699061907687
2018-04-17,2.26111900706623
2018-04-18,2.29185795656381
2018-04-19,2.28567531929429
2018-04-20,2.28656822488784
2018-04-23,2.2926041909749
2018-04-24,2.3049682834243
2018-04-25,2.3007046798896
2018-04-26,2.28687336259324
2018-04-27,2.31604507184502
2018-04-30,2.33854379540009
2018-05-01,2.32572256475335
2018-05-02,2.31551983535391
2018-05-03,2.31093464756113
2018-05-04,2.29079803552902
2018-05-07,2.2964802694155
2018-05-08,2.3248477770253
2018-05-09,2.30704662263958
2018-05-10,2.32099952670977
2018-05-11,2.35778266814643
2018-05-14,2.38432241132021
2018-05-15,2.36472541259139
2018-05-16,2.35477076711923
2018-05-17,2.35305347602025
2018-05-18,2.34803438290068
2018-05-21,2.3605615247692
2018-05-22,2.35729054932403
2018-05-23,2.29468935067915
2018-05-24,2.27278381735453
2018-05-25,2.26467484520779
2018-05-28,2.28766962141886
2018-05-29,2.27020359859756
2018-05-30,2.26273224444595
2018-05-31,2.2998510985674
2018-06-01,2.2685199726657
2018-06-04,2.2611000583879
2018-06-05,2.27090759770531
2018-06-06,2.27403386904546
2018-06-07,2.30187182413161
2018-06-08,2.27625442663391
2018-06-11,2.29024787059194
2018-06-12,2.28577453538132
2018-06-13,2.25528915080482
2018-06-14,2.20854048237371
2018-06-15,2.21203337620092
2018-06-18,2.19406024342982
2018-06-19,2.14223559130635
2018-06-20,2.17627767495699
2018-06-21,2.17084385970707
2018-06-22,2.17716805967578
2018-06-25,2.14795606674633
2018-06-26,2.1490757607003
2018-06-27,2.12000976154041
2018-06-28,2.14949034315937
2018-06-29,2.16313678064795
2018-07-02,2.12985215185627
2018-07-03,2.15449942811026
2018-07-04,2.12179829654908
2018-07-05,2.12898958473377
2018-07-06,2.12611385602343
2018-07-09,2.1570855095179
2018-07-10,2.17278161156097
2018-07-11,2.12355486159099
2018-07-12,2.14574915058773
2018-07-13,2.21823739636278
2018-07-16,2.21842029138928
2018-07-17,2.23669299504951
2018-07-18,2.23300460337688
2018-07-19,2.25249724425415
2018-07-20,2.25697498535873
2018-07-23,2.22278397725819
2018-07-24,2.22256981875246
2018-07-25,2.22448058785322
2018-07-26,2.2271904739156
2018-07-27,2.24269203133066
2018-07-30,2.20176980336599
2018-07-31,2.19247768960919
2018-08-01,2.22237538862209
2018-08-02,2.20582403883478
2018-08-03,2.2074071128359
2018-08-06,2.19453949538427
2018-08-07,2.21378117441734
2018-08-08,2.20260701052391
2018-08-09,2.20744274324267
2018-08-10,2.17382770312825
2018-08-13,2.20875560318436
2018-08-14,2.22730525732843
2018-08-15,2.22594782468453
2018-08-16,2.22092593311857
2018-08-17,2.21134927974589
2018-08-20,2.21126394454662
2018-08-21,2.21619263487149
2018-08-22,2.24793158946771
2018-08-23,2.25548252300452
2018-08-24,2.29759004520604
2018-08-27,2.32071246725535
2018-08-28,2.31501011045099
2018-08-29,2.30637414847129
2018-08-30,2.30788267884023
2018-08-31,2.31524961501396
2018-09-03,2.30943042678148
2018-09-04,2.30779201348309
2018-09-05,2.29829398158114
2018-09-06,2.28240052546351
2018-09-07,2.26259826308715
2018-09-10,2.26864586753638
2018-09-11,2.31714941846909
2018-09-12,2.31838461202984
2018-09-13,2.32845808456261
2018-09-14,2.3576248383121
2018-09-17,2.35291064323988
2018-09-18,2.34234291040169
2018-09-19,2.39922742180155
2018-09-20,2.41846968729405
2018-09-21,2.4201383011363
2018-09-24,2.4185553618405
2018-09-25,2.44975976742491
2018-09-26,2.46754429940356
2018-09-27,2.43749277701828
2018-09-28,2.46829748864353
2018-10-01,2.47639966477342
2018-10-02,2.44526057164977
2018-10-03,2.413524653698
2018-10-04,2.40985218435207
2018-10-05,2.39622154834763
2018-10-08,2.39805537751466
2018-10-09,2.33260229871107
2018-10-10,2.27969256410616
2018-10-11,2.17329654132957
2018-10-12,2.2294831550839
2018-10-15,2.14002780406115
2018-10-16,2.17556553584848
2018-10-17,2.21880356140037
2018-10-18,2.18549814965684
2018-10-19,2.1678790470569
2018-10-22,2.15948252261909
2018-10-23,2.09561325141572
2018-10-24,2.09820443911639
2018-10-25,2.01739195897165
2018-10-26,1.99642492708161
2018-10-29,1.97477873211285
2018-10-30,1.99725219174673
2018-10-31,2.07688068667057
2018-11-01,1.97028429943997
2018-11-02,2.08538583794684
2018-11-05,2.0702903622357
2018-11-06,2.06812307838606
2018-11-07,2.08541681941309
2018-11-08,2.12528415683797
2018-11-09,2.10616465167006
2018-11-12,2.11160951618365
2018-11-13,2.11045688507962
2018-11-14,2.13447165209139
2018-11-15,2.13077035406704
2018-11-16,2.09380271074024
2018-11-19,2.14883602974938
2018-11-20,2.08168604156886
2018-11-21,2.08812834773755
2018-11-22,2.08905935398962
2018-11-23,2.0890978931503
2018-11-26,2.094483202832
2018-11-27,2.12662209137558
2018-11-28,2.15851937272392
2018-11-29,2.18463553787569
2018-11-30,2.18312226399941
2018-12-03,2.2174704685949
2018-12-04,2.16969239066602
2018-12-05,2.1707299379893
2018-12-06,2.09874027768376
2018-12-07,2.09968387267196
2018-12-10,2.04282656598061
2018-12-11,2.05400070810373
2018-12-12,2.10187605105823
2018-12-13,2.08965062938641
2018-12-14,2.03042259504499
2018-12-17,2.0350166873093
2018-12-18,1.98406075939536
2018-12-19,1.97267684613798
2018-12-20,1.92029325555147
2018-12-21,1.89705709254535
2018-12-24,1.89690432098377
2018-12-25,1.79165489440597
2018-12-26,1.79585659085612
2018-12-27,1.87327883468684
2018-12-28,1.8674144798289
2018-12-31,1.86863267039517
2019-01-01,1.86863267039517
2019-01-02,1.84470474916528
2019-01-03,1.83160316624504
2019-01-04,1.85130935359064
2019-01-07,1.86202839043996
2019-01-08,1.85616065889514
2019-01-09,1.88526724890199
2019-01-10,1.88888630791895
2019-01-11,1.89273149750349
2019-01-14,1.88666896965114
2019-01-15,1.88435297480024
2019-01-16,1.8718688043867
2019-01-17,1.86140238109784
2019-01-18,1.86869719908056
2019-01-21,1.86869570817783
2019-01-22,1.87330209322827
2019-01-23,1.86794625549646
2019-01-24,1.87162129329145
2019-01-25,1.8759460503096
2019-01-28,1.86159087934589
2019-01-29,1.86764873563126
2019-01-30,1.87394917437426
2019-01-31,1.8884840390228
2019-02-01,1.89172595530711
2019-02-04,1.8890286413156
2019-02-05,1.8853751316355
